rank,name,website,observed_issue,public_contact,contact_method,status
1,Bland Roofing Company,https://www.blandroofingga.com/,Live template copy includes Keyword Term H3 and List Item 1 placeholder text,bland3680@yahoo.com,email,ready
2,Bob McKeithen & Sons Roofing,https://www.mckeithenroofing.net/,Live slider exposes Slide title and Write your caption here,mckeithenroofing@yahoo.com,email,ready
3,M.R. Roberson Roofing,https://www.robersonroofing.com/,Multiple live Yext placeholder blocks appear across home/contact pages,roberson575r@gmail.com,email,ready
4,Five Star General Contracting and Roofing,https://www.5star-gc.com/,Live gallery exposes Slide title and Write your caption here,aclairmont@5star-gc.com,email,ready
5,Arden Roofing & Restorations,https://www.ardenrestorations.com/,Multiple service cards expose Write your caption here,glen@ardenrestorations.com,email,ready
6,Riley Services,https://www.rileyservicesga.com/,Live contact area shows 555-555-5555 and mymail@mailservice.com,support@rileyservicesga.com,email,ready
7,Georgia Air Contractors,https://www.gaci.biz/,Contact page exposes Keyword Term H3 blocks and an unrelated Australia location,customersupport@gaci.biz,email,ready
8,Routine Maintenance Inc,https://www.routinemaint.com/,Contact page exposes template List Item copy and malformed service heading,info@routinemaint.com,email,ready
9,HRS Sheet Metal,https://www.sheetmetalhrs.com/,Contact page exposes repeated Keyword Term H3 template blocks,sheetmetal@thehrsgroup.co,email,ready
10,Kennedy Construction Groups LLC,https://www.kcgroofing.com/,Live gallery exposes Slide title and Write your caption here,kcg.llc11@gmail.com,email,ready
11,Life Style Roofing,https://www.lifestyleroofing.com/,Live Yext placeholders plus Request Form shows Request <<Form Name>> and an error,https://www.lifestyleroofing.com/contact,contact form,researched
12,Albany Air Conditioning and Heating,https://www.albanyair.com/,Live Get in touch block shows 555-555-5555 and mymail@mailservice.com,https://www.albanyair.com/,contact form,researched
13,Prime Air Conditioning & Refrigeration,https://www.myprimeair.com/,Repeated live Yext placeholder text in contact and hours sections,https://www.myprimeair.com/,contact form,researched
14,Dolphin Plumbing,https://www.dolphinplumbingfl.com/,Repeated live Yext placeholder text in service/contact sections,https://www.dolphinplumbingfl.com/,contact form,researched
15,Dorian Plumbing,https://www.dorianplumbing.com/,Contact page exposes repeated live Yext placeholders,ken@dorianplumbing.com,email,researched
16,Cross Creek Contracting & Remodeling,https://www.crosscreekcontracting.com/,Home and about pages expose live Yext placeholder blocks,https://www.crosscreekcontracting.com/,contact form,researched
17,Eagle One Metal Roofing Supply,https://www.eagleonemetalroofing.com/,Repeated live Yext placeholders and duplicate hours sections,eagle1metal@gmail.com,email,researched
18,America First Air Conditioning & Heating,https://www.americafirstac.com/,Repeated live Yext placeholders in contact and hours sections,https://www.americafirstac.com/contact,contact form,researched
19,Roof Tech Solutions,https://www.roof-techsolutions.com/,Indexed Empty Page plus repeated live Yext placeholders,https://www.roof-techsolutions.com/,contact form,researched
20,A Christian Roofer,https://www.achristianroofer.com/,Live Yext placeholders in hours and contact areas,https://www.achristianroofer.com/,contact form,researched
21,Yoder Metals,https://www.yodermetalsga.com/,Repeated live Yext placeholders in hours sections,https://www.yodermetalsga.com/,contact form,researched
22,Alabama Glass Works,https://www.alabamaglassworks.com/,Live Yext placeholders and contact form error text,https://www.alabamaglassworks.com/contact,contact form,researched
23,Vision Painting,https://www.vision-painting.com/,Contact page exposes repeated Keyword Term H3 template sections,https://www.vision-painting.com/contact,contact form,researched
24,Southern Outdoor Landscapes & Supply,https://www.southernoutdoorlandscapes.com/,Live hours area exposes repeated Yext placeholder text,https://www.southernoutdoorlandscapes.com/,contact form,researched
25,Seagraves Plumbing,https://www.seagravesplumbing.com/,Contact page exposes repeated Keyword Term H3 sections and a visible form error,seagraves@seagravesplumbing.com,email,researched
26,Castle Painting,https://www.castlega.com/,Multiple pages expose Yext placeholder text including location/contact blocks,info@castlega.com,email,researched
27,Go Pro Atlanta LLC,https://www.goproatlanta.com/,Service pages expose repeated Yext placeholder text in service area and hours,https://www.goproatlanta.com/,contact form,researched
